"","FECHA","HORA","CO","NO","NO2","NOX","O3","PM25"
"6646","04/10/2022",22,0.31,1,21,22,37,21
"781","02/02/2022",13,0.11,1,5,6,42,8
"5148","03/08/2022",12,0.28,3,16,19,62,20
"6422","25/09/2022",14,0.27,1,12,13,84,26
"5116","02/08/2022",4,0.62,15,32,47,1,17
"5727","27/08/2022",15,0.19,1,12,13,86,20
"29","02/01/2022",5,2.32,112,33,145,1,64
"1245","21/02/2022",21,0.37,2,22,24,31,16
"7243","29/10/2022",19,0.35,0,11,12,57,27
"7860","24/11/2022",12,0.77,8,39,47,63,52
"562","24/01/2022",10,0.32,3,9,12,25,15
"7973","29/11/2022",5,1.07,36,33,69,2,37
"762","01/02/2022",18,0.26,2,10,12,56,16
"922","08/02/2022",10,0.97,36,26,61,11,42
"7483","08/11/2022",19,0.27,2,17,19,24,9
"2026","26/03/2022",10,0.46,12,26,38,35,34
"5582","21/08/2022",14,0.22,1,9,11,76,31
"7700","17/11/2022",20,0.22,0,14,14,47,12
"7112","24/10/2022",8,0.91,17,29,46,12,29
"657","28/01/2022",9,2.24,126,42,168,2,46
"6330","21/09/2022",18,0.19,2,13,15,44,8
"1915","21/03/2022",19,0.21,2,11,14,45,22
"591","25/01/2022",15,0.2,1,9,10,43,12
"6370","23/09/2022",10,0.21,5,10,15,35,6
"1593","08/03/2022",9,0.78,21,23,44,20,16
"3120","10/05/2022",24,0.19,1,15,16,28,31
"3124","11/05/2022",4,0.12,1,17,18,23,26
"2780","26/04/2022",20,0.28,2,14,16,31,9
"797","03/02/2022",5,0.02,0,4,4,22,6
"6533","30/09/2022",5,0.1,1,15,16,19,6
"3286","17/05/2022",22,0.31,0,17,17,64,40
"1420","01/03/2022",4,0.44,11,33,44,1,18
"7370","04/11/2022",2,0.84,16,34,50,4,14
"2193","02/04/2022",9,1.51,74,61,135,5,61
"4927","25/07/2022",7,0.58,32,23,56,3,12
"6378","23/09/2022",18,0.27,1,13,14,61,15
"1371","27/02/2022",3,0.43,4,34,37,7,19
"1222","20/02/2022",22,0.25,3,17,20,36,16
"3150","12/05/2022",6,0.33,4,26,30,11,15
"7855","24/11/2022",7,1.58,74,34,108,2,41
"8006","30/11/2022",14,0.1,1,7,9,48,14
"7669","16/11/2022",13,0.49,6,29,35,65,31
"2078","28/03/2022",14,0.2,1,13,14,88,33
"7366","03/11/2022",22,1.11,39,35,73,4,18
"7910","26/11/2022",14,0.11,1,6,7,42,12
"1060","14/02/2022",4,0.06,2,18,19,10,13
"7885","25/11/2022",13,0.31,3,21,24,65,41
"141","06/01/2022",21,0.53,8,32,40,10,11
"1787","16/03/2022",11,1.24,27,60,87,34,52
"5801","30/08/2022",17,0.12,1,5,6,46,19
"6935","16/10/2022",23,0.07,0,10,10,36,15
"6864","13/10/2022",24,0.1,2,20,22,15,8
"1054","13/02/2022",22,0.36,3,20,23,11,14
"1419","01/03/2022",3,0.36,13,33,46,1,22
"2939","03/05/2022",11,0.73,10,44,54,53,42
"1188","19/02/2022",12,0.87,11,43,55,51,57
"6456","26/09/2022",24,0.04,1,8,9,22,2
"2933","03/05/2022",5,0.72,20,40,60,9,41
"1446","02/03/2022",6,1.13,85,38,123,3,30
"3567","29/05/2022",15,0.12,1,6,7,73,19
"3018","06/05/2022",18,0.35,1,11,11,90,42
"7496","09/11/2022",8,1.31,67,25,92,2,24
"7770","20/11/2022",18,0.97,7,33,40,24,65
"7290","31/10/2022",18,0.17,1,8,9,44,18
"6868","14/10/2022",4,0.15,7,26,33,8,11
"212","09/01/2022",20,0.34,3,18,20,19,8
"961","10/02/2022",1,0.68,10,26,36,7,13
"3269","17/05/2022",5,0.81,19,37,56,6,47
"7086","23/10/2022",6,0.24,2,14,17,9,17
"5740","28/08/2022",4,0.12,1,9,10,35,13
"6829","12/10/2022",13,0.08,4,11,14,47,11
"7872","24/11/2022",24,0.51,5,24,29,29,32
"1555","06/03/2022",19,0.43,1,12,13,59,22
"374","16/01/2022",14,0.31,1,13,14,57,34
"3209","14/05/2022",17,0.14,2,9,11,63,25
"112","05/01/2022",16,0.02,1,9,10,48,11
"5261","08/08/2022",5,0.08,2,14,16,14,6
"675","29/01/2022",3,0.14,1,12,13,15,5
"7192","27/10/2022",16,0.3,0,11,11,79,36
"1079","14/02/2022",23,0.27,3,29,32,14,18
"4875","23/07/2022",3,0.19,4,27,31,10,16
"4963","26/07/2022",19,0.29,1,14,15,45,8
"7301","01/11/2022",5,0.84,21,31,52,5,26
"1836","18/03/2022",12,0.33,5,20,25,55,32
"5751","28/08/2022",15,0.22,1,7,8,79,15
"5805","30/08/2022",21,0.62,7,23,30,16,17
"1086","15/02/2022",6,0.35,9,25,34,4,22
"1832","18/03/2022",8,1.29,71,31,102,2,31
"6979","18/10/2022",19,0.36,9,18,27,7,4
"3586","30/05/2022",10,0.43,7,21,28,43,27
"392","17/01/2022",8,1.75,54,29,83,1,26
"924","08/02/2022",12,0.72,14,30,43,35,47
"7926","27/11/2022",6,1.38,61,29,91,2,28
"7189","27/10/2022",13,0.29,1,12,13,78,33
"4961","26/07/2022",17,0.12,1,6,7,58,12
"7375","04/11/2022",7,1.54,74,39,113,5,46
"6983","18/10/2022",23,0.4,10,22,31,4,5
"5640","23/08/2022",24,0.04,0,5,6,35,6
"940","09/02/2022",4,0.43,17,21,38,7,19
"1342","25/02/2022",22,0.59,12,34,46,3,16
"7478","08/11/2022",14,0.1,2,8,10,49,13
"5510","18/08/2022",14,0.09,1,8,9,77,20
"6831","12/10/2022",15,0.02,1,7,9,55,8
"6663","05/10/2022",15,0.18,0,10,11,97,29
"2189","02/04/2022",5,0.77,24,40,64,0,70
"2134","30/03/2022",22,0.37,1,20,22,34,36
"6418","25/09/2022",10,0.3,7,15,22,26,16
"1831","18/03/2022",7,1.18,65,26,91,5,33
"462","20/01/2022",6,0.64,21,31,52,4,25
"4965","26/07/2022",21,0.26,1,15,16,40,8
"3375","21/05/2022",15,0.23,1,9,10,132,43
"943","09/02/2022",7,1.54,97,24,121,1,32
"406","17/01/2022",22,0.33,2,26,28,21,20
"5492","17/08/2022",20,0.26,6,23,28,32,12
"6762","09/10/2022",18,0.09,2,10,12,34,4
"2219","03/04/2022",11,0.46,2,18,20,69,35
"596","25/01/2022",20,0.37,2,15,17,22,13
"3285","17/05/2022",21,0.32,1,17,17,68,41
"6672","05/10/2022",24,0.23,0,18,18,31,16
"7760","20/11/2022",8,0.32,3,21,24,10,36
"1330","25/02/2022",10,0.91,39,44,83,12,40
"5136","02/08/2022",24,0.91,7,46,52,3,24
"7064","22/10/2022",8,1.86,84,33,117,6,55
"6312","20/09/2022",24,0.08,1,12,13,18,5
"3121","11/05/2022",1,0.15,1,13,14,30,25
"7778","21/11/2022",2,0.22,2,21,23,9,6
"5676","25/08/2022",12,0.13,3,9,12,57,14
"6870","14/10/2022",6,0.66,40,27,68,11,18
"2224","03/04/2022",16,0.15,0,9,9,103,34
"180","08/01/2022",12,0.64,9,34,43,38,37
"937","09/02/2022",1,0.29,1,15,16,18,18
"981","10/02/2022",21,0.3,1,13,14,27,10
"6799","11/10/2022",7,0.62,25,28,53,4,18
"698","30/01/2022",2,0.69,6,33,39,6,18
"5256","07/08/2022",24,0.52,5,35,40,5,15
"5769","29/08/2022",9,1.26,40,35,76,8,19
"2944","03/05/2022",16,0.14,1,9,10,107,36
"7436","06/11/2022",20,0.46,1,19,19,46,41
"7577","12/11/2022",17,0.37,0,17,18,112,45
"950","09/02/2022",14,0.13,1,6,6,48,10
"1605","08/03/2022",21,0.35,4,15,19,29,13
"7699","17/11/2022",19,0.33,0,18,18,48,21
"2196","02/04/2022",12,0.43,4,30,34,85,52
"2918","02/05/2022",14,0.16,1,10,10,113,38
"6665","05/10/2022",17,0.29,0,14,14,78,32
"7811","22/11/2022",11,0.87,21,32,53,22,46
"860","05/02/2022",20,0.5,2,18,20,33,15
"1287","23/02/2022",15,0.11,1,10,11,70,17
"2006","25/03/2022",14,0.12,2,11,13,71,24
"6860","13/10/2022",20,0.2,3,19,22,19,7
"2096","29/03/2022",8,2.05,99,50,149,2,54
"2885","01/05/2022",5,0.25,0,9,9,40,38
"5005","28/07/2022",13,0.36,2,16,18,90,34
"127","06/01/2022",7,2.99,188,49,237,1,53
"882","06/02/2022",18,0.6,3,17,20,53,24
"6586","02/10/2022",10,0.57,19,29,47,29,32
"358","15/01/2022",22,0.39,1,17,18,34,32
"1269","22/02/2022",21,0.55,3,35,38,21,20
"1177","19/02/2022",1,0.76,9,48,57,6,28
"6797","11/10/2022",5,0.25,11,29,39,4,11
"20","01/01/2022",20,2.74,91,57,148,3,72
"3166","12/05/2022",22,0.22,1,16,17,25,29
"6559","01/10/2022",7,0.47,16,25,41,5,28
"6917","16/10/2022",5,0.14,1,18,19,16,14
"145","07/01/2022",1,0,0,7,7,33,17
"1451","02/03/2022",11,0.68,12,40,52,46,44
"563","24/01/2022",11,0.36,3,6,9,27,12
"6545","30/09/2022",17,0.16,1,12,13,72,20
"1527","05/03/2022",15,0.16,1,6,8,44,18
"6794","11/10/2022",2,0.12,1,25,26,11,7
"3561","29/05/2022",9,0.67,16,24,40,20,24
"3173","13/05/2022",5,0.21,1,10,11,25,18
"7030","20/10/2022",22,0.22,1,16,17,20,8
"447","19/01/2022",15,0.2,1,10,11,53,23
"2232","03/04/2022",24,0.26,0,11,12,54,28
"2137","31/03/2022",1,0.11,0,11,11,35,20
"78","04/01/2022",6,1.75,54,39,92,1,51
"5580","21/08/2022",12,0.48,5,23,28,54,40
"3380","21/05/2022",20,0.36,1,10,10,101,53
"4929","25/07/2022",9,0.69,33,23,56,11,17
"1397","28/02/2022",5,0.06,2,17,19,8,9
"6481","28/09/2022",1,0.09,0,11,11,25,3
"1940","22/03/2022",20,0.5,5,22,27,23,19
"4898","24/07/2022",2,0.2,1,13,14,26,9
"2790","27/04/2022",6,0.22,3,18,21,20,7
"6372","23/09/2022",12,0.19,3,9,11,53,13
"7877","25/11/2022",5,0.8,23,34,56,2,44
"7227","29/10/2022",3,0.14,0,13,14,34,18
"6683","06/10/2022",11,0.17,6,12,18,26,13
"1416","28/02/2022",24,1.13,42,47,89,1,24
"5828","31/08/2022",20,0.17,1,13,14,33,7
"1607","08/03/2022",23,0.27,1,13,14,23,15
"5530","19/08/2022",10,0.94,34,47,82,17,41
"959","09/02/2022",23,0.55,4,24,28,15,14
"1565","07/03/2022",5,0.65,20,29,48,9,21
"6644","04/10/2022",20,0.35,1,21,22,35,17
"6727","08/10/2022",7,0.38,10,23,33,7,3
"1066","14/02/2022",10,0.67,26,26,52,15,31
"1546","06/03/2022",10,0.52,11,23,34,30,26
"1806","17/03/2022",6,0.48,14,28,42,10,18
"7646","15/11/2022",14,0.23,1,18,19,90,36
"590","25/01/2022",14,0.15,1,8,9,38,8
"7531","10/11/2022",19,0.56,4,44,48,20,23
"4987","27/07/2022",19,0.83,8,42,50,17,13
"7201","28/10/2022",1,0.1,0,6,6,42,21
"1281","23/02/2022",9,1.56,72,47,119,7,43
"1702","12/03/2022",22,0.31,3,21,24,19,11
"7976","29/11/2022",8,2.74,165,36,201,3,48
"1684","12/03/2022",4,0.21,1,21,22,23,24
"5628","23/08/2022",12,0.01,1,3,4,42,13
"2133","30/03/2022",21,0.35,1,20,21,40,35
"2912","02/05/2022",8,1.55,68,48,116,13,40
"3107","10/05/2022",11,0.52,6,26,31,64,37
"7800","21/11/2022",24,0.43,3,27,30,11,26
"7048","21/10/2022",16,0.62,3,29,31,68,40
"5519","18/08/2022",23,0.7,5,36,42,16,16
"6593","02/10/2022",17,0.28,0,11,11,96,29
"6679","06/10/2022",7,0.39,18,22,40,3,20
"3374","21/05/2022",14,0.26,1,10,11,125,41
"7668","16/11/2022",12,0.98,16,52,68,47,57
"5068","31/07/2022",4,0.15,1,16,18,16,11
"7937","27/11/2022",17,0.25,1,14,15,41,18
"7058","22/10/2022",2,0.41,2,25,28,16,35
"1595","08/03/2022",11,0.14,1,4,6,39,13
"7789","21/11/2022",13,0.35,5,18,24,49,29
"146","07/01/2022",2,0.04,1,17,18,20,12
"2235","04/04/2022",3,0.2,0,7,7,45,26
"524","22/01/2022",20,0.38,0,14,14,31,17
"5731","27/08/2022",19,0.28,1,15,16,48,22
"5658","24/08/2022",18,0.56,6,28,33,42,11
"901","07/02/2022",13,0.2,2,10,11,57,20
"2101","29/03/2022",13,0.32,2,18,20,99,40
"6747","09/10/2022",3,0.05,1,12,13,15,1
"47","02/01/2022",23,0.35,6,24,31,6,8
"3512","27/05/2022",8,0.32,5,16,21,34,30
"836","04/02/2022",20,0.45,6,18,24,22,11
"7308","01/11/2022",12,0.36,4,21,25,70,37
"5143","03/08/2022",7,0.43,13,21,34,6,18
"5085","31/07/2022",21,0.34,2,19,21,20,6
"1008","11/02/2022",24,0.12,1,6,8,27,4
"7294","31/10/2022",22,0.45,1,28,29,24,20
"1413","28/02/2022",21,0.32,1,24,25,37,19
"1872","19/03/2022",24,0.41,4,30,34,7,25
"3274","17/05/2022",10,0.19,2,8,11,59,48
"2020","26/03/2022",4,0.19,2,24,26,18,20
"1809","17/03/2022",9,1.88,72,48,120,10,30
"7673","16/11/2022",17,0.29,0,15,15,96,29
"21","01/01/2022",21,2.07,58,48,107,8,61
"507","22/01/2022",3,0.07,0,5,5,24,9
"1841","18/03/2022",17,0.14,1,8,10,58,23
"7439","06/11/2022",23,0.53,8,34,42,8,6
"5796","30/08/2022",12,0.26,4,12,16,51,11
"443","19/01/2022",11,0.99,20,46,67,24,46
"1737","14/03/2022",9,1.86,87,54,141,5,36
"7520","10/11/2022",8,1.92,145,24,169,2,28
"2135","30/03/2022",23,0.22,1,14,15,37,28
"7615","14/11/2022",7,1.4,57,36,93,3,23
"5117","02/08/2022",5,0.5,19,27,46,2,20
"5020","29/07/2022",4,0.06,1,8,9,37,8
"2222","03/04/2022",14,0.13,0,8,8,89,30
"295","13/01/2022",7,1.63,107,26,133,1,31
"408","17/01/2022",24,0.4,3,23,26,18,16
"4868","22/07/2022",20,0.39,2,23,25,27,11
"441","19/01/2022",9,2.09,113,42,155,2,41
"502","21/01/2022",22,0.26,1,12,13,24,13
"6745","09/10/2022",1,0.24,4,23,26,5,8
"1014","12/02/2022",6,0.09,1,5,6,31,2
"2874","30/04/2022",18,0.26,1,12,13,70,25
"841","05/02/2022",1,0.29,1,25,27,16,17
"3191","13/05/2022",23,0.4,3,26,28,24,13
"2834","29/04/2022",2,0.1,1,10,11,45,12
"2962","04/05/2022",10,0.5,5,25,31,65,33
"5756","28/08/2022",20,0.7,5,21,26,30,22
"1028","12/02/2022",20,0.7,6,34,40,14,15
"6466","27/09/2022",10,0.15,4,11,15,38,3
"3333","19/05/2022",21,0.28,1,14,14,66,39
"7710","18/11/2022",6,0.43,21,25,47,2,12
"7036","21/10/2022",4,0.12,2,20,23,8,15
"3211","14/05/2022",19,0.2,1,12,13,45,24
"3446","24/05/2022",14,0.2,1,10,11,106,30
"791","02/02/2022",23,0.22,2,11,13,21,9
"3325","19/05/2022",13,0.14,2,10,11,79,22
"7431","06/11/2022",15,0.12,0,11,12,100,32
"6303","20/09/2022",15,0.26,2,13,15,68,7
"5496","17/08/2022",24,0.09,1,8,9,38,9
"5722","27/08/2022",10,1.11,33,50,83,22,42
"7170","26/10/2022",18,0.41,0,13,14,61,29
"1789","16/03/2022",13,0.35,2,16,19,74,29
"43","02/01/2022",19,0.22,2,15,17,17,20
"3145","12/05/2022",1,0.08,1,8,9,29,13
"2878","30/04/2022",22,0.41,1,24,25,47,30
"7020","20/10/2022",12,0.84,12,38,49,55,39
"1848","18/03/2022",24,0.6,8,38,46,8,40
"260","11/01/2022",20,0.74,9,41,50,8,20
"7222","28/10/2022",22,0.91,10,30,41,18,36
"5223","06/08/2022",15,0.1,1,7,8,89,19
"5798","30/08/2022",14,0.31,4,13,17,38,7
"367","16/01/2022",7,0.48,11,24,34,2,25
"917","08/02/2022",5,0.19,1,12,13,9,12
"3267","17/05/2022",3,0.2,1,17,18,26,55
"3109","10/05/2022",13,0.21,2,12,13,75,28
"5063","30/07/2022",23,0.35,3,19,23,14,9
"3439","24/05/2022",7,1.71,69,41,110,2,27
"7266","30/10/2022",18,0.35,0,12,12,58,36
"2136","30/03/2022",24,0.11,0,9,10,39,21
"7601","13/11/2022",17,0.14,0,7,7,59,24
"3598","30/05/2022",22,0.3,1,14,15,43,16
"6905","15/10/2022",17,0.06,0,9,10,82,16
"1557","06/03/2022",21,0.39,0,13,14,50,19
"2103","29/03/2022",15,0.18,1,11,12,110,31
"2063","27/03/2022",23,0.81,11,46,57,10,21
"7536","10/11/2022",24,1.49,47,48,95,2,28
"6371","23/09/2022",11,0.14,3,7,10,44,5
"273","12/01/2022",9,1.77,96,30,126,2,30
"1551","06/03/2022",15,0.28,0,10,10,91,24
"5147","03/08/2022",11,0.42,7,21,28,46,25
"7614","14/11/2022",6,0.21,1,11,12,33,17
"1234","21/02/2022",10,1.17,40,47,87,17,33
"6478","27/09/2022",22,0.21,2,15,17,23,1
"1435","01/03/2022",19,0.33,1,22,23,68,26
"3353","20/05/2022",17,0.14,1,8,9,94,22
"2899","01/05/2022",19,0.69,3,18,21,59,38
"660","28/01/2022",12,0.37,5,22,27,51,33
"455","19/01/2022",23,0.66,2,31,33,22,31
"1797","16/03/2022",21,0.27,1,15,16,49,19
"6752","09/10/2022",8,0.25,9,17,26,14,5
"830","04/02/2022",14,0.1,1,4,5,34,11
"7783","21/11/2022",7,0.21,2,20,22,6,30
"129","06/01/2022",9,1.97,78,57,135,3,56
"6884","14/10/2022",20,0.35,3,29,31,23,17
"1608","08/03/2022",24,0.17,1,8,9,24,10
"7675","16/11/2022",19,0.34,0,13,14,67,25
"835","04/02/2022",19,0.34,4,13,17,30,11
"2898","01/05/2022",18,0.48,2,12,14,77,33
"6778","10/10/2022",10,0.17,8,15,24,31,10
"7511","09/11/2022",23,0.47,9,26,35,4,13
"5688","25/08/2022",24,0.08,1,13,14,16,9
"4995","28/07/2022",3,0.52,2,30,32,9,19
"7664","16/11/2022",8,1.4,58,31,90,3,35
"7111","24/10/2022",7,0.71,10,21,30,18,31
"3127","11/05/2022",7,0.46,7,29,36,11,21
"4881","23/07/2022",9,0.37,10,18,28,27,22
"221","10/01/2022",5,0.3,4,29,33,10,22
"2960","04/05/2022",8,1.28,33,46,79,24,35
"1924","22/03/2022",4,0.06,0,11,11,22,19
"7768","20/11/2022",16,0.64,3,26,29,50,63
"3020","06/05/2022",20,0.56,2,24,26,60,52
"2069","28/03/2022",5,0.83,41,36,77,7,23
"7805","22/11/2022",5,0.4,6,25,31,2,30
"5508","18/08/2022",12,0.22,3,13,17,60,34
"5184","04/08/2022",24,0.83,14,42,56,4,28
"1886","20/03/2022",14,0.31,1,12,14,72,25
"3392","22/05/2022",8,1.92,58,57,116,6,89
"4954","26/07/2022",10,0.68,17,28,45,24,23
"401","17/01/2022",17,0.34,2,17,19,45,27
"6697","07/10/2022",1,0.22,8,27,35,2,9
"7156","26/10/2022",4,0.22,4,25,29,6,17
"6929","16/10/2022",17,0.09,0,6,6,62,18
"7911","26/11/2022",15,0.12,1,6,7,45,17
"1814","17/03/2022",14,0.11,1,6,7,62,18
"7591","13/11/2022",7,0.89,45,23,68,3,30
"315","14/01/2022",3,1.1,63,31,94,1,35
"3239","15/05/2022",23,0.41,3,33,36,17,14
"2893","01/05/2022",13,0.3,1,11,13,102,26
"5074","31/07/2022",10,0.31,8,14,21,31,14
"6749","09/10/2022",5,0.1,2,15,17,13,2
"4906","24/07/2022",10,0.33,6,18,24,36,21
"5833","01/09/2022",1,0.19,2,20,22,7,10
"497","21/01/2022",17,0.29,3,9,13,32,14
"1862","19/03/2022",14,0.11,1,6,8,47,14
"7565","12/11/2022",5,1.07,28,40,67,3,58
"6415","25/09/2022",7,0.56,11,25,35,8,15
"1251","22/02/2022",3,0.6,27,36,63,8,22
"1042","13/02/2022",10,0.32,7,13,21,22,5
"1189","19/02/2022",13,0.41,3,23,27,76,38
"7509","09/11/2022",21,0.4,7,24,31,7,11
"6413","25/09/2022",5,0.38,5,27,32,9,11
"124","06/01/2022",4,2,66,57,123,1,48
"3334","19/05/2022",22,0.18,1,14,14,52,22
"494","21/01/2022",14,0.23,3,7,10,33,15
"1769","15/03/2022",17,0.3,2,14,17,50,21
"1891","20/03/2022",19,0.2,0,9,9,55,20
"1032","12/02/2022",24,0.2,1,13,14,25,14
"7625","14/11/2022",17,0.11,1,9,10,46,17
"1604","08/03/2022",20,0.38,3,16,19,32,14
"926","08/02/2022",14,0.3,3,9,11,43,14
"1765","15/03/2022",13,0.24,1,13,14,87,36
"4959","26/07/2022",15,0.1,1,5,6,65,12
"1229","21/02/2022",5,0.42,8,30,38,5,14
"2942","03/05/2022",14,0.26,1,14,15,119,51
"3202","14/05/2022",10,0.59,12,32,44,40,51
"7995","30/11/2022",3,0.74,10,40,50,5,35
"1616","09/03/2022",8,0.34,5,13,18,18,8
"1815","17/03/2022",15,0.1,1,7,7,59,20
"3571","29/05/2022",19,0.2,1,6,7,62,22
"1767","15/03/2022",15,0.22,1,13,13,98,36
"6681","06/10/2022",9,0.39,19,20,39,8,17
"1686","12/03/2022",6,0.23,2,26,29,20,16
"2844","29/04/2022",12,0.27,2,12,13,87,26
"7047","21/10/2022",15,0.58,2,29,32,76,40
"331","14/01/2022",19,0.5,3,29,31,31,19
"7338","02/11/2022",18,0.23,0,15,15,61,8
"400","17/01/2022",16,0.35,2,19,21,46,26
"6853","13/10/2022",13,0.03,2,9,11,61,12
"3366","21/05/2022",6,0.71,1,28,30,29,49
"598","25/01/2022",22,0.36,1,17,18,16,15
"2202","02/04/2022",18,0.15,0,10,11,90,39
"5513","18/08/2022",17,0.33,3,16,19,48,16
"6507","29/09/2022",3,0.04,0,5,5,40,2
"7335","02/11/2022",15,0.13,1,9,10,75,20
"7529","10/11/2022",17,0.09,1,12,14,67,21
"132","06/01/2022",12,0.43,6,29,35,44,37
"5841","01/09/2022",9,0.45,22,17,40,12,6
"7725","18/11/2022",21,0.53,2,32,34,28,24
"7731","19/11/2022",3,0.47,3,32,35,7,26
"7908","26/11/2022",12,0.1,2,6,7,39,7
"1564","07/03/2022",4,0.77,9,35,44,4,23
"2110","29/03/2022",22,0.51,2,24,26,36,30
"224","10/01/2022",8,0.67,16,41,57,3,31
"7255","30/10/2022",7,0.92,21,36,57,5,29
"353","15/01/2022",17,0.14,2,10,12,32,16
"5843","01/09/2022",11,0.17,8,14,22,32,7
"1690","12/03/2022",10,0.42,10,26,35,37,27
"7562","12/11/2022",2,0.91,6,37,42,11,44
"7984","29/11/2022",16,0.31,1,15,15,83,42
"3509","27/05/2022",5,0.21,1,16,18,24,25
"1962","23/03/2022",18,0.19,2,8,10,47,17
"890","07/02/2022",2,0.59,8,29,37,17,27
"7870","24/11/2022",22,0.5,1,23,24,30,35
"6399","24/09/2022",15,0.27,1,12,13,72,20
"3429","23/05/2022",21,0.44,2,31,33,25,18
"6811","11/10/2022",19,0.24,3,21,24,20,8
"6720","07/10/2022",24,0.44,5,24,29,8,8
"206","09/01/2022",14,0.28,3,17,20,56,29
"7422","06/11/2022",6,1.43,47,36,83,3,42
"5142","03/08/2022",6,0.48,11,23,34,5,16
"810","03/02/2022",18,0.3,1,9,11,52,15
"834","04/02/2022",18,0.28,3,10,13,41,11
"5713","27/08/2022",1,0.72,6,46,52,3,23
"1573","07/03/2022",13,0.39,3,21,24,77,35
"5499","18/08/2022",3,0.16,2,22,24,12,16
"1323","25/02/2022",3,0.38,2,28,29,14,21
"816","03/02/2022",24,0.22,1,12,13,19,11
"7563","12/11/2022",3,1.11,15,46,60,2,90
"7084","23/10/2022",4,0.14,0,14,14,17,15
"512","22/01/2022",8,1,39,28,67,2,15
"561","24/01/2022",9,0.28,2,9,11,23,12
"1239","21/02/2022",15,0.18,1,13,13,89,24
"2117","30/03/2022",5,0.18,1,17,18,29,33
"6667","05/10/2022",19,0.47,1,22,23,37,14
"2993","05/05/2022",17,0.21,1,11,11,122,51
"1896","20/03/2022",24,0.45,5,24,29,25,22
"3288","17/05/2022",24,0.26,1,20,21,40,24
"1943","22/03/2022",23,0.38,3,21,24,17,28
"30","02/01/2022",6,1.59,65,34,99,1,45
"1736","14/03/2022",8,1.55,67,38,105,3,28
"5247","07/08/2022",15,0.18,1,9,10,81,17
"6470","27/09/2022",14,0.14,3,11,13,47,8
"4885","23/07/2022",13,0.07,1,6,8,61,14
"3199","14/05/2022",7,1.33,81,34,115,1,51
"7101","23/10/2022",21,0.19,2,13,15,37,24
"7339","02/11/2022",19,0.35,0,17,18,49,25
"1829","18/03/2022",5,0.58,5,18,22,11,15
"419","18/01/2022",11,0.97,22,44,66,23,39
"6712","07/10/2022",16,0.06,0,9,9,75,15
"7988","29/11/2022",20,0.49,1,16,17,36,27
"3564","29/05/2022",12,0.24,3,11,14,68,31
"7440","06/11/2022",24,0.38,6,35,41,10,8
"2161","01/04/2022",1,0.68,22,38,60,13,31
"6308","20/09/2022",20,0.31,1,14,15,36,13
"600","25/01/2022",24,0.22,1,15,16,11,13
"5830","31/08/2022",22,0.26,2,17,20,26,12
"5167","04/08/2022",7,1.16,46,28,75,4,25
"7817","22/11/2022",17,0.19,1,13,14,57,10
"2805","27/04/2022",21,0.38,2,21,23,36,13
"1545","06/03/2022",9,1.48,59,44,103,8,30
"1764","15/03/2022",12,0.44,4,27,31,71,43
"3590","30/05/2022",14,0.17,1,9,10,86,31
"1925","22/03/2022",5,0.3,4,18,23,14,15
"1331","25/02/2022",11,0.88,30,52,82,24,53
"7157","26/10/2022",5,0.35,6,22,28,9,25
"2114","30/03/2022",2,0.02,0,6,6,50,22
"126","06/01/2022",6,2.3,121,52,173,1,53
"5803","30/08/2022",19,0.24,1,9,10,34,8
"2028","26/03/2022",12,0.31,6,22,28,60,28
"211","09/01/2022",19,0.33,2,20,22,25,11
"1538","06/03/2022",2,0.82,5,34,39,8,21
"7624","14/11/2022",16,0.09,1,8,9,44,13
"7268","30/10/2022",20,0.46,1,17,17,44,34
"747","01/02/2022",3,0.2,2,16,17,13,8
"1409","28/02/2022",17,0.02,2,10,11,50,11
"6344","22/09/2022",8,0.35,7,18,25,15,9
"5527","19/08/2022",7,1.44,67,39,106,2,32
"7977","29/11/2022",9,2.77,146,50,196,4,60
"542","23/01/2022",14,0.32,2,14,15,51,27
"7199","27/10/2022",23,0.61,7,32,39,17,26
"7519","10/11/2022",7,1.28,104,22,125,3,34
"438","19/01/2022",6,0.97,23,35,58,2,36
"7178","27/10/2022",2,0.2,0,11,12,36,30
"5758","28/08/2022",22,0.42,4,16,20,28,12
"1879","20/03/2022",7,0.64,24,26,50,1,30
"1447","02/03/2022",7,1.2,78,38,116,4,47
"6553","01/10/2022",1,0.16,1,19,20,15,11
"7576","12/11/2022",16,0.36,0,17,18,122,43
"3284","17/05/2022",20,0.31,1,19,20,62,32
"1722","13/03/2022",18,0.21,0,7,7,70,23
"1225","21/02/2022",1,0.14,0,11,11,31,12
"7594","13/11/2022",10,0.87,22,33,55,24,43
"6626","04/10/2022",2,0.06,0,13,13,24,13
"6544","30/09/2022",16,0.18,1,10,11,81,23
"5724","27/08/2022",12,0.48,4,25,29,85,36
"6600","02/10/2022",24,0.12,0,14,14,26,9
"1992","24/03/2022",24,0.24,2,25,27,19,14
"7416","05/11/2022",24,1.69,21,57,78,6,50
"6580","02/10/2022",4,0.2,1,20,21,15,19
"1449","02/03/2022",9,1.55,88,48,136,7,43
"4937","25/07/2022",17,0.28,2,10,12,54,13
"7293","31/10/2022",21,0.34,1,19,20,30,18
"955","09/02/2022",19,0.5,4,14,18,34,14
"7808","22/11/2022",8,0.88,25,27,52,2,34
"1603","08/03/2022",19,0.31,3,11,14,39,16
"1611","09/03/2022",3,0.02,0,4,4,28,6
"3177","13/05/2022",9,0.56,9,24,33,33,36
"2956","04/05/2022",4,0.06,1,10,11,54,25
"6907","15/10/2022",19,0.35,0,17,18,73,27
"7574","12/11/2022",14,0.24,0,13,13,107,49
"5656","24/08/2022",16,0.17,1,9,10,80,23
"5045","30/07/2022",5,0.18,4,27,31,5,13
"547","23/01/2022",19,0.29,0,9,10,32,12
"203","09/01/2022",11,0.78,12,34,46,29,35
"2976","04/05/2022",24,0.75,2,50,53,24,44
"5127","02/08/2022",15,0.14,1,9,10,88,26
"5215","06/08/2022",7,0.71,31,30,61,4,27
"7824","22/11/2022",24,0.55,19,30,49,2,13
"308","13/01/2022",20,0.69,9,45,54,7,24
"1805","17/03/2022",5,0.19,3,16,18,24,17
"872","06/02/2022",8,0.32,7,17,23,14,12
"110","05/01/2022",14,0.11,1,13,14,53,17
"655","28/01/2022",7,1.85,119,30,149,1,38
"7930","27/11/2022",10,1.25,46,51,97,17,40
"5834","01/09/2022",2,0.18,1,20,21,7,7
"7851","24/11/2022",3,0.4,6,31,37,3,29
"7752","19/11/2022",24,0.42,3,41,45,7,20
"957","09/02/2022",21,0.48,5,19,24,24,14
"183","08/01/2022",15,0.03,0,9,9,53,20
"766","01/02/2022",22,0.39,2,19,21,24,16
"2953","04/05/2022",1,0.09,1,12,12,60,41
"5648","24/08/2022",8,2.03,129,34,163,2,25
"2849","29/04/2022",17,0.27,1,14,14,124,32
"220","10/01/2022",4,0.15,1,15,15,23,18
"7641","15/11/2022",9,3.04,180,65,245,3,70
"910","07/02/2022",22,0.32,2,21,23,18,21
"795","03/02/2022",3,0.03,0,4,4,23,8
"5179","04/08/2022",19,0.32,2,21,23,34,7
"4907","24/07/2022",11,0.21,4,12,16,52,20
"1830","18/03/2022",6,0.71,32,23,55,5,26
"2044","27/03/2022",4,0.62,14,39,54,2,21
"6738","08/10/2022",18,0.09,3,12,15,26,3
"5035","29/07/2022",19,0.67,5,30,35,28,13
"1052","13/02/2022",20,0.51,4,27,31,12,16
"7822","22/11/2022",22,0.75,23,37,60,2,24
"1676","11/03/2022",20,0.38,1,16,17,37,19
"7861","24/11/2022",13,0.3,2,18,20,73,47
"3546","28/05/2022",18,0.15,1,9,10,52,19
"1231","21/02/2022",7,1.18,78,32,110,1,30
"3442","24/05/2022",10,0.76,8,31,39,53,35
"318","14/01/2022",6,1.13,60,28,87,1,41
"7920","26/11/2022",24,0.25,1,14,14,27,15
"6730","08/10/2022",10,0.19,5,14,19,22,7
"988","11/02/2022",4,0.05,0,6,7,21,3
"5250","07/08/2022",18,0.35,3,16,19,27,6
"5168","04/08/2022",8,0.95,40,26,66,11,18
"5065","31/07/2022",1,0.26,2,18,20,13,6
"5015","28/07/2022",23,0.35,1,21,22,30,9
"5031","29/07/2022",15,0.58,4,25,30,37,18
"1795","16/03/2022",19,0.31,1,15,16,56,15
"2788","27/04/2022",4,0.05,1,13,14,23,5
"2027","26/03/2022",11,0.35,7,23,30,49,27
"2260","05/04/2022",4,0.18,1,17,18,25,17
"422","18/01/2022",14,0.15,2,11,12,44,19
"3594","30/05/2022",18,0.23,1,8,9,63,25
"1851","19/03/2022",3,0.26,2,23,25,12,37
"412","18/01/2022",4,0.51,11,32,43,3,19
"3266","17/05/2022",2,0.21,1,17,18,28,24
"6463","27/09/2022",7,0.37,6,24,30,15,3
"7585","13/11/2022",1,0.79,16,39,55,1,31
"10","01/01/2022",10,1.49,12,40,53,24,160
"5144","03/08/2022",8,0.27,7,15,21,15,24
"3422","23/05/2022",14,0.22,1,11,13,108,47
"7781","21/11/2022",5,0.09,0,12,12,15,10
"396","17/01/2022",12,0.64,13,35,49,31,37
"7016","20/10/2022",8,1.14,56,29,86,7,10
"5153","03/08/2022",17,0.16,1,9,10,87,18
"5545","20/08/2022",1,0.06,1,6,6,29,9
"1747","14/03/2022",19,0.5,2,20,22,61,23
"6923","16/10/2022",11,0.23,5,16,21,51,30
"3314","19/05/2022",2,0.2,1,8,9,51,44
"6716","07/10/2022",20,0.46,8,25,34,11,12
"1883","20/03/2022",11,0.7,11,34,45,40,44
"2876","30/04/2022",20,0.36,2,17,19,59,25
"2125","30/03/2022",13,0.19,1,11,12,92,32
"12","01/01/2022",12,0.98,3,33,36,67,146
"3396","22/05/2022",12,0.38,1,15,16,114,50
"7712","18/11/2022",8,0.94,55,24,80,2,18
"1597","08/03/2022",13,0.15,3,6,9,39,13
"828","04/02/2022",12,0.13,2,6,8,31,6
"7975","29/11/2022",7,2.57,147,33,179,3,42
"2194","02/04/2022",10,0.99,22,56,78,33,79
"7087","23/10/2022",7,0.34,5,14,19,10,12
"2100","29/03/2022",12,0.31,2,19,21,81,36
"1257","22/02/2022",9,2.07,103,43,146,6,32
"1354","26/02/2022",10,0.67,25,31,56,16,34
"6526","29/09/2022",22,0.21,1,13,14,28,7
"7130","25/10/2022",2,0.34,0,23,23,26,48
"7635","15/11/2022",3,0.9,32,36,68,1,29
"3188","13/05/2022",20,0.21,1,14,15,37,15
"7605","13/11/2022",21,0.44,1,20,21,44,32
"415","18/01/2022",7,1.34,53,31,84,1,37
"7703","17/11/2022",23,0.43,7,26,33,8,11
"6379","23/09/2022",19,0.31,1,17,18,37,12
"6535","30/09/2022",7,0.36,3,23,26,11,8
"4908","24/07/2022",12,0.17,2,10,12,64,19
"3357","20/05/2022",21,0.37,1,15,16,80,43
"1394","28/02/2022",2,0.02,0,10,11,18,7
"1716","13/03/2022",12,0.39,3,17,19,67,29
"7728","18/11/2022",24,0.36,1,27,28,14,23
"3490","26/05/2022",10,0.66,13,36,49,40,55
"1386","27/02/2022",18,0.06,1,11,12,52,13
"5552","20/08/2022",8,0.1,2,5,7,28,2
"6848","13/10/2022",8,0.83,48,22,70,7,17
"7122","24/10/2022",18,0.19,0,10,10,60,32
"1518","05/03/2022",6,1.13,47,36,83,2,40
"1248","21/02/2022",24,0.07,0,10,10,39,11
"7073","22/10/2022",17,0.06,1,7,8,53,19
"1782","16/03/2022",6,0.97,44,28,72,2,28
"2795","27/04/2022",11,0.21,5,11,16,48,9
"298","13/01/2022",10,1.9,104,55,158,5,54
"6505","29/09/2022",1,0.04,0,5,5,44,1
"90","04/01/2022",18,0.24,0,20,20,56,28
"6729","08/10/2022",9,0.24,6,14,20,20,2
"703","30/01/2022",7,1.87,65,31,96,0,31
"503","21/01/2022",23,0.17,1,10,10,24,11
"7149","25/10/2022",21,0.33,0,22,22,41,29
"2057","27/03/2022",17,0.16,0,11,11,97,33
"4938","25/07/2022",18,0.28,1,14,15,55,20
"3527","27/05/2022",23,0.24,2,15,17,21,19
"7052","21/10/2022",20,1.11,7,40,47,19,31
"6395","24/09/2022",11,0.27,7,16,23,42,22
"5134","02/08/2022",22,0.72,4,49,53,7,17
"3467","25/05/2022",11,0.52,7,33,39,64,47
"6536","30/09/2022",8,0.34,4,20,24,18,7
"1191","19/02/2022",15,0.16,0,10,10,98,31
"1355","26/02/2022",11,0.78,16,40,56,32,45
"3379","21/05/2022",19,0.34,1,9,9,101,52
"7880","25/11/2022",8,2.8,191,36,227,4,57
"3192","13/05/2022",24,0.29,1,23,24,28,25
"6577","02/10/2022",1,0.21,1,19,20,19,12
"1932","22/03/2022",12,0.07,2,8,10,51,14
"973","10/02/2022",13,0.16,3,5,9,36,10
"461","20/01/2022",5,0.57,7,31,38,4,28
"6597","02/10/2022",21,0.3,2,22,24,20,12
"7532","10/11/2022",20,0.74,6,45,51,16,27
"1560","06/03/2022",24,0.29,1,17,18,37,17
"435","19/01/2022",3,0.49,2,29,31,12,30
"7796","21/11/2022",20,0.48,2,25,26,23,27
"1996","25/03/2022",4,0.03,1,14,15,26,11
"662","28/01/2022",14,0.18,2,10,12,60,23
"697","30/01/2022",1,1.08,18,43,61,0,22
"36","02/01/2022",12,0.39,7,23,31,34,33
"1536","05/03/2022",24,1.23,26,49,75,2,26
"5059","30/07/2022",19,0.21,1,12,13,38,7
"5726","27/08/2022",14,0.29,1,15,16,118,38
"187","08/01/2022",19,0.3,1,17,18,32,24
"5707","26/08/2022",19,0.39,3,24,27,24,6
"7957","28/11/2022",13,0.06,2,17,19,69,31
"1226","21/02/2022",2,0.04,0,7,7,32,11
"399","17/01/2022",15,0.24,1,13,14,52,26
"832","04/02/2022",16,0.2,3,7,10,39,9
"5548","20/08/2022",4,0.01,0,4,4,32,1
"6735","08/10/2022",15,0.09,3,9,12,38,8
"3398","22/05/2022",14,0.24,1,7,7,87,49
"5240","07/08/2022",8,0.39,11,20,30,11,16
"6614","03/10/2022",14,0.39,1,18,19,107,40
"7948","28/11/2022",4,0.67,16,32,48,2,19
"1753","15/03/2022",1,0.61,4,32,35,15,25
"7952","28/11/2022",8,2.34,108,31,138,2,33
"3486","26/05/2022",6,0.54,8,38,46,5,40
"7123","24/10/2022",19,0.3,0,15,15,52,36
"1720","13/03/2022",16,0.19,0,7,7,73,26
"6630","04/10/2022",6,0.51,18,31,49,3,21
"253","11/01/2022",13,0.49,19,24,43,13,21
"6332","21/09/2022",20,0.3,3,19,21,23,6
"7371","04/11/2022",3,0.72,16,34,50,6,32
"7025","20/10/2022",17,0.13,1,7,8,36,5
"409","18/01/2022",1,0.37,2,24,26,15,19
"3543","28/05/2022",15,0.1,2,6,8,56,11
"3565","29/05/2022",13,0.15,1,7,8,74,25
"593","25/01/2022",17,0.2,1,8,9,39,14
"4931","25/07/2022",11,0.3,9,18,27,35,21
"6847","13/10/2022",7,1.14,70,22,92,10,16
"2129","30/03/2022",17,0.17,0,8,8,93,51
"6744","08/10/2022",24,0.22,4,21,25,8,7
"6610","03/10/2022",10,0.38,9,19,29,31,33
"4921","25/07/2022",1,0.24,2,18,21,14,7
"656","28/01/2022",8,2.07,150,32,182,1,46
"7567","12/11/2022",7,1.88,79,36,115,2,53
"6670","05/10/2022",22,0.56,1,32,33,32,17
"1712","13/03/2022",8,1.15,57,28,86,3,25
"1029","12/02/2022",21,0.44,3,27,30,19,13
"3538","28/05/2022",10,0.22,7,12,19,31,21
"429","18/01/2022",21,0.43,1,25,26,26,25
"3525","27/05/2022",21,0.32,3,17,20,20,21
"1696","12/03/2022",16,0.21,0,7,7,74,28
"7761","20/11/2022",9,0.39,7,19,26,10,30
"7488","08/11/2022",24,0.37,8,31,39,2,19
"5799","30/08/2022",15,0.19,3,9,12,50,10
"53","03/01/2022",5,0,1,11,12,14,4
"439","19/01/2022",7,1.3,53,40,93,1,48
"1682","12/03/2022",2,1.41,64,40,103,3,34
"5826","31/08/2022",18,0.14,1,8,8,61,6
"7810","22/11/2022",10,0.74,23,30,53,9,41
"7873","25/11/2022",1,1.19,26,42,68,8,30
"4901","24/07/2022",5,0.22,1,15,16,21,14
"664","28/01/2022",16,0.17,1,10,11,65,29
"7938","27/11/2022",18,0.56,3,18,21,32,21
"7777","21/11/2022",1,0.25,2,22,23,8,10
"2213","03/04/2022",5,0.63,9,27,36,16,29
"2159","31/03/2022",23,0.22,1,15,16,44,27
"2812","28/04/2022",4,0.34,3,23,26,15,22
"6513","29/09/2022",9,0.22,4,11,15,38,3
"2872","30/04/2022",16,0.24,3,11,13,78,27
"1618","09/03/2022",10,0.22,3,8,11,30,6
"453","19/01/2022",21,0.54,2,29,31,31,31
"284","12/01/2022",20,0.72,9,43,51,8,18
"7610","14/11/2022",2,0.07,0,6,6,48,17
"6457","27/09/2022",1,0.01,0,7,7,27,2
"1739","14/03/2022",11,0.54,6,23,29,52,31
"4869","22/07/2022",21,0.43,4,25,29,17,9
"91","04/01/2022",19,0.44,1,24,25,51,35
"7115","24/10/2022",11,0.49,7,22,29,44,34
"737","31/01/2022",17,0.22,2,11,14,45,12
"5832","31/08/2022",24,0.32,4,26,30,6,9
"1927","22/03/2022",7,1.01,37,31,68,4,19
"6479","27/09/2022",23,0.16,1,14,15,23,1
"1708","13/03/2022",4,0.48,8,29,37,4,18
"5079","31/07/2022",15,0.14,1,6,7,70,12
"101","05/01/2022",5,1.38,46,47,92,1,47
"1532","05/03/2022",20,0.56,3,24,27,28,17
"7485","08/11/2022",21,0.34,3,21,24,12,8
"7613","14/11/2022",5,0.09,0,8,8,37,20
"680","29/01/2022",8,0.31,4,24,29,5,11
"3510","27/05/2022",6,0.47,4,28,33,14,26
"6896","15/10/2022",8,0.35,14,23,37,12,18
"7470","08/11/2022",6,0.18,5,19,24,6,9
"2116","30/03/2022",4,0.12,1,14,14,38,36
"5140","03/08/2022",4,0.43,11,28,39,2,17
"831","04/02/2022",15,0.16,2,5,8,36,9
"1027","12/02/2022",19,0.37,2,24,27,24,12
"7982","29/11/2022",14,0.3,2,16,19,68,31
"98","05/01/2022",2,1.33,19,56,75,2,41
"1908","21/03/2022",12,0.14,1,9,10,60,20
"1871","19/03/2022",23,0.42,3,26,29,11,23
"4890","23/07/2022",18,0.26,3,12,15,52,13
"6892","15/10/2022",4,0.04,1,17,18,16,12
"572","24/01/2022",20,0.32,2,12,14,23,15
"7983","29/11/2022",15,0.27,1,14,15,82,32
"251","11/01/2022",11,0.29,13,18,30,10,10
"7587","13/11/2022",3,0.5,8,28,36,3,29
"5576","21/08/2022",8,0.93,20,29,49,5,28
"870","06/02/2022",6,0.87,21,28,49,4,16
"2784","26/04/2022",24,0.15,1,11,12,26,9
"3167","12/05/2022",23,0.23,1,15,16,25,23
"65","03/01/2022",17,0.26,1,18,19,58,45
"426","18/01/2022",18,0.3,1,18,18,45,24
"4857","22/07/2022",9,0.51,18,26,44,23,27
"654","28/01/2022",6,1.38,73,30,103,0,30
"8016","30/11/2022",24,0.44,7,28,35,8,15
"510","22/01/2022",6,0.28,3,13,16,14,8
"5763","29/08/2022",3,0.08,0,4,4,33,8
"1544","06/03/2022",8,1.12,59,35,94,2,23
"1928","22/03/2022",8,2.32,135,34,169,6,27
"1289","23/02/2022",17,0.08,0,9,9,75,14
"5016","28/07/2022",24,0.33,3,31,34,19,5
"6841","13/10/2022",1,0.22,13,23,36,5,43
"7702","17/11/2022",22,0.58,5,33,38,7,16
"3265","17/05/2022",1,0.29,1,23,24,24,26
"1405","28/02/2022",13,0.37,8,30,38,54,37
"1961","23/03/2022",17,0.16,2,8,10,54,22
"5087","31/07/2022",23,0.26,1,15,17,18,12
"5735","27/08/2022",23,0.24,2,15,17,38,12
"1036","13/02/2022",4,0.2,1,21,22,15,15
"7590","13/11/2022",6,0.5,14,23,37,2,26
"1994","25/03/2022",2,0.05,1,15,16,27,11
"6493","28/09/2022",13,0.2,2,10,12,50,5
"1261","22/02/2022",13,0.32,4,24,27,75,38
"2245","04/04/2022",13,0.13,0,6,6,66,34
"2206","02/04/2022",22,0.38,1,21,22,54,34
"2830","28/04/2022",22,0.3,1,21,22,46,20
"3358","20/05/2022",22,0.31,1,12,12,83,40
"3569","29/05/2022",17,0.18,1,7,8,73,27
"904","07/02/2022",16,0.2,2,9,11,44,18
"1193","19/02/2022",17,0.14,0,8,8,74,25
"2950","03/05/2022",22,0.12,1,13,13,63,37
"7847","23/11/2022",23,0.35,0,18,18,47,31
"1639","10/03/2022",7,0.1,0,7,8,30,13
"1424","01/03/2022",8,1.71,102,33,135,2,34
"7007","19/10/2022",23,0.38,8,34,42,4,10
"2062","27/03/2022",22,0.43,3,27,30,34,23
"2112","29/03/2022",24,0.16,0,11,11,44,26
"3540","28/05/2022",12,0.11,2,6,8,51,14
"368","16/01/2022",8,0.57,16,21,37,1,54
"2018","26/03/2022",2,0.35,4,35,40,11,29
"7767","20/11/2022",15,0.33,2,16,18,53,53
"7453","07/11/2022",13,0.31,6,20,26,50,18
"7380","04/11/2022",12,0.5,5,30,35,67,38
"1335","25/02/2022",15,0.17,1,13,13,91,29
"7090","23/10/2022",10,0.77,15,29,44,28,34
"6739","08/10/2022",19,0.17,3,15,18,18,3
"1249","22/02/2022",1,0.1,1,9,10,38,13
"7863","24/11/2022",15,0.27,1,14,15,86,42
"2924","02/05/2022",20,0.4,2,20,22,70,36
"5478","17/08/2022",6,0.69,18,39,57,3,24
"2236","04/04/2022",4,0.17,0,8,8,38,22
"7155","26/10/2022",3,0.2,2,26,28,6,25
"1431","01/03/2022",15,0.07,1,11,12,71,20
"313","14/01/2022",1,0.62,13,26,40,4,30
"2122","30/03/2022",10,0.83,15,43,58,42,37
"854","05/02/2022",14,0.38,3,16,19,62,27
"7997","30/11/2022",5,0.46,7,33,40,4,35
"7886","25/11/2022",14,0.16,3,9,12,50,16
"402","17/01/2022",18,0.29,1,13,14,38,26
"1710","13/03/2022",6,0.68,26,30,57,2,21
"3532","28/05/2022",4,0.17,1,16,17,16,18
"7671","16/11/2022",15,0.22,1,12,13,79,27
"7320","01/11/2022",24,0.23,1,17,19,21,21
"6425","25/09/2022",17,0.17,2,11,13,37,11
"7525","10/11/2022",13,0.18,3,15,18,63,32
"5539","19/08/2022",19,0.65,1,32,33,63,38
"7498","09/11/2022",10,0.83,27,33,60,17,33
"1659","11/03/2022",3,0.05,0,5,6,26,10
"7317","01/11/2022",21,0.28,2,20,22,22,24
"6434","26/09/2022",2,0.04,1,8,8,20,4
"1991","24/03/2022",23,0.33,3,29,32,16,16
"6914","16/10/2022",2,0.21,2,26,28,9,20
"330","14/01/2022",18,0.32,1,21,23,50,23
"6861","13/10/2022",21,0.16,3,17,20,18,5
"62","03/01/2022",14,0.49,5,27,32,48,54
"311","13/01/2022",23,0.57,10,33,44,3,19
"3130","11/05/2022",10,0.32,6,12,18,37,24
"925","08/02/2022",13,0.44,4,18,23,48,36
"720","30/01/2022",24,0.33,0,15,15,37,18
"6728","08/10/2022",8,0.31,8,19,27,12,3
"2165","01/04/2022",5,0.57,15,39,54,2,38
"7374","04/11/2022",6,0.4,8,20,29,22,24
"223","10/01/2022",7,0.51,11,39,50,3,30
"1211","20/02/2022",11,0.57,13,31,43,36,33
"7348","03/11/2022",4,0.16,0,12,12,22,23
"3187","13/05/2022",19,0.2,2,16,18,50,17
"5491","17/08/2022",19,0.22,1,13,14,43,11
"1760","15/03/2022",8,1.99,86,37,123,3,46
"5700","26/08/2022",12,0.39,7,25,32,52,39
"7476","08/11/2022",12,0.15,5,10,15,35,8
"3289","18/05/2022",1,0.29,1,24,25,34,31
"1602","08/03/2022",18,0.24,2,9,11,45,18
"1570","07/03/2022",10,0.99,24,37,60,22,30
"3332","19/05/2022",20,0.4,1,14,15,81,45
"1754","15/03/2022",2,0.51,2,29,31,14,29
"59","03/01/2022",11,0.18,6,13,18,18,40
"7295","31/10/2022",23,0.67,3,35,38,17,24
"3351","20/05/2022",15,0.16,1,8,9,109,29
"5064","30/07/2022",24,0.25,2,16,18,15,11
"7378","04/11/2022",10,1.19,31,51,81,28,49
"7756","20/11/2022",4,0.31,1,25,26,15,25
"7230","29/10/2022",6,0.31,1,25,27,16,22
"869","06/02/2022",5,0.08,0,7,7,25,9
"970","10/02/2022",10,0.25,5,8,13,28,9
"350","15/01/2022",14,0.15,2,10,12,39,21
"3575","29/05/2022",23,0.13,1,6,8,26,18
"5260","08/08/2022",4,0.02,1,8,9,20,6
"7390","04/11/2022",22,1.31,28,46,75,6,27
"3371","21/05/2022",11,0.46,4,27,32,79,40
"5487","17/08/2022",15,0.11,2,7,9,65,14
"2025","26/03/2022",9,0.55,17,29,46,22,34
"6774","10/10/2022",6,0.53,17,35,51,5,10
"1803","17/03/2022",3,0.4,3,27,30,11,26
"1582","07/03/2022",22,0.48,1,22,24,46,27
"3432","23/05/2022",24,0.12,1,12,13,39,14
"6608","03/10/2022",8,0.73,22,30,52,6,24
"87","04/01/2022",15,0.25,2,21,23,62,29
"7450","07/11/2022",10,0.78,24,38,61,24,26
"7265","30/10/2022",17,0.24,0,10,10,72,38
"5749","28/08/2022",13,0.3,2,10,11,85,25
"70","03/01/2022",22,0.6,6,44,50,8,32
"7792","21/11/2022",16,0.66,3,32,35,56,55
"5730","27/08/2022",18,0.21,1,13,15,46,19
"6414","25/09/2022",6,0.33,3,22,25,10,11
"2015","25/03/2022",23,0.45,3,32,35,18,15
"5122","02/08/2022",10,0.82,29,31,60,12,1
"2908","02/05/2022",4,0.15,1,14,15,36,27
"4851","22/07/2022",3,0.3,7,40,47,6,31
"5052","30/07/2022",12,0.25,5,16,21,51,29
"5006","28/07/2022",14,0.23,1,12,13,76,23
"1756","15/03/2022",4,0.51,4,25,30,8,28
"2234","04/04/2022",2,0.2,0,8,8,47,25
"7078","22/10/2022",22,0.2,1,15,16,29,19
"804","03/02/2022",12,0.1,2,6,8,33,13
"5571","21/08/2022",3,0.28,1,13,14,27,17
"7604","13/11/2022",20,0.4,0,16,16,49,33
"4924","25/07/2022",4,0.14,5,21,25,5,9
"7076","22/10/2022",20,0.26,1,16,16,35,23
"688","29/01/2022",16,0.25,1,9,10,66,20
"6937","17/10/2022",1,0.22,1,28,29,15,21
"218","10/01/2022",2,0.63,13,41,54,4,15
"3201","14/05/2022",9,0.89,35,42,77,18,50
"5227","06/08/2022",19,0.47,3,26,29,38,16
"1061","14/02/2022",5,0.04,2,18,19,8,14
"533","23/01/2022",5,0.44,7,25,33,2,26
"1026","12/02/2022",18,0.43,4,26,30,26,14
"7845","23/11/2022",21,0.56,1,22,23,47,28
"292","13/01/2022",4,0.28,11,22,33,4,11
"1948","23/03/2022",4,0.4,8,24,32,7,27
"6523","29/09/2022",19,0.24,2,15,16,33,4
"6873","14/10/2022",9,1.2,50,35,85,12,29
"197","09/01/2022",5,0.44,7,24,32,10,17
"7019","20/10/2022",11,1.2,28,46,73,32,35
"1578","07/03/2022",18,0.27,0,10,10,75,29
"139","06/01/2022",19,0.53,1,26,28,35,30
"151","07/01/2022",7,1.28,50,28,79,1,30
"5002","28/07/2022",10,1.12,26,48,74,23,47
"6334","21/09/2022",22,0.14,1,13,15,25,6
"5197","05/08/2022",13,0.07,1,9,11,79,23
"1929","22/03/2022",9,1.19,52,36,88,12,23
"6572","01/10/2022",20,0.34,1,21,22,44,21
"6497","28/09/2022",17,0.22,2,11,14,38,5
"5512","18/08/2022",16,0.19,1,10,12,53,19
"3465","25/05/2022",9,1.65,50,67,117,14,58
"1610","09/03/2022",2,0.05,0,4,4,28,8
"5058","30/07/2022",18,0.17,3,9,13,38,6
"1406","28/02/2022",14,0.13,3,15,18,63,25
"94","04/01/2022",22,0.44,1,28,29,40,34
"7093","23/10/2022",13,0.4,1,17,18,112,49
"1393","28/02/2022",1,0.11,2,16,18,13,18
"7508","09/11/2022",20,0.44,5,23,28,12,9
"6989","19/10/2022",5,0.2,3,18,20,17,1
"7135","25/10/2022",7,2.25,113,39,152,5,59
"1780","16/03/2022",4,0.45,13,27,41,4,26
"6341","22/09/2022",5,0.13,1,13,14,21,4
"26","02/01/2022",2,1.23,31,38,69,1,49
"3328","19/05/2022",16,0.06,1,7,8,86,41
"1755","15/03/2022",3,0.55,5,27,32,11,28
"6825","12/10/2022",9,0.78,30,26,56,15,22
"2806","27/04/2022",22,0.37,3,24,26,30,10
"1396","28/02/2022",4,0.05,1,15,16,11,7
"2862","30/04/2022",6,0.27,1,16,16,32,31
"5566","20/08/2022",22,0.29,1,13,15,31,7
"3164","12/05/2022",20,0.27,2,16,17,33,22
"262","11/01/2022",22,0.44,9,26,35,4,8
"7628","14/11/2022",20,0.26,1,15,16,42,20
"1774","15/03/2022",22,1.11,19,49,68,2,23
"588","25/01/2022",12,0.19,2,8,11,24,4
"3037","07/05/2022",13,0.37,2,20,22,104,44
"976","10/02/2022",16,0.12,1,5,6,46,8
"5762","29/08/2022",2,0.1,1,7,7,29,11
"3470","25/05/2022",14,0.11,1,10,11,92,31
"5024","29/07/2022",8,0.97,33,40,73,4,25
"7169","26/10/2022",17,0.38,0,18,19,83,39
"919","08/02/2022",7,0.33,3,19,22,6,12
"5080","31/07/2022",16,0.17,1,6,7,67,11
"3235","15/05/2022",19,0.13,2,10,12,49,12
"7495","09/11/2022",7,0.75,37,25,62,1,16
"7455","07/11/2022",15,0.11,2,9,11,57,9
"5814","31/08/2022",6,0.51,15,19,34,4,16
"200","09/01/2022",8,1.25,55,30,85,1,24
"1550","06/03/2022",14,0.24,1,9,10,84,24
"514","22/01/2022",10,0.75,33,27,60,11,19
"7638","15/11/2022",6,1.49,78,35,113,2,40
"3364","21/05/2022",4,0.39,1,15,15,52,43
"5534","19/08/2022",14,0.42,2,20,22,94,53
"6440","26/09/2022",8,0.36,10,16,27,16,7
"7788","21/11/2022",12,0.49,14,29,43,33,38
"4897","24/07/2022",1,0.25,1,14,16,25,8
"5664","24/08/2022",24,0.3,2,23,25,15,4
"1443","02/03/2022",3,0.21,2,27,29,11,15
"1606","08/03/2022",22,0.38,2,18,20,22,16
"179","08/01/2022",11,1.06,24,51,75,22,46
"1563","07/03/2022",3,0.48,7,19,25,22,17
"811","03/02/2022",19,0.31,2,12,14,43,16
"7909","26/11/2022",13,0.06,1,4,6,39,4
"173","08/01/2022",5,0.2,3,18,21,19,20
"1678","11/03/2022",22,0.32,1,18,20,29,18
"945","09/02/2022",9,2.27,149,41,189,2,37
"169","08/01/2022",1,1.26,40,38,78,6,36
"249","11/01/2022",9,0.49,33,24,57,4,13
"1233","21/02/2022",9,1.57,84,43,127,3,30
"7871","24/11/2022",23,0.18,0,10,10,42,24
"1987","24/03/2022",19,0.19,1,19,20,48,29
"2972","04/05/2022",20,0.42,2,20,22,79,46
"5574","21/08/2022",6,0.67,9,28,37,2,24
"710","30/01/2022",14,0.28,1,11,12,72,20
"2086","28/03/2022",22,0.33,0,18,19,57,33
